Service , Message , Max , Min , Average , Count , frequency , TimedOut

Tool,setupTool,526.03,14.0008,270.0154,2,0
Tool,getContext,14.0008,2.0001,0.200932474518752,26,0
Tool,connect,45.0026,35.002,40.0023,2,0
Tool,setProperties,76.0043,7.0004,1.46081192318534,16,0
Tool,getTargetVoltage,15.6,5.0003,1.62422263888889,6,0
Device,getContext,7.0004,0,0.510871155753968,8,0
Device,startSession,120.0068,97.2038,44.2273916666667,4,0
Device,endSession,20.0011,17.001,7.7921125,4,0
Tool,tearDownTool,24.0014,9.0005,16.50095,2,0
Device,erase,15.6001,4.0002,9.80015,2,0
Modules,getChildren,84.0048,1.0001,4.37525416666667,4,0
Modules,add,26.0014,11.0006,5.62533333333333,4,0
Modules,getBinaryContentInfo,7.0004,2.0001,1.12507083333333,4,0
Memory,getContext,11.0006,1,0.138202233755136,16,0
Modules,writeToMemory,518.0296,2.0001,0.138914903310507,16,0
Modules,remove,3.0002,1.0001,0.833379166666667,4,0
Modules,verifyMemory,370.0212,3.0002,0.201947797929457,16,0
